{"cameraMode":{"drawMode":0,"name":"Shaded","section":"Shading Mode"},"sceneLighting":true,"audioPlay":false,"sceneViewState":{"m_AlwaysRefresh":false,"showFog":true,"showSkybox":true,"showFlares":true,"showImageEffects":true,"showParticleSystems":true,"showVisualEffectGraphs":true,"m_FxEnabled":true},"in2DMode":false,"pivot":{"x":-0.6102657318115234,"y":1.04878568649292,"z":-0.09751272201538086},"rotation":{"x":-0.20983995497226716,"y":0.5384122729301453,"z":-0.14052540063858033,"w":-0.8039634823799133},"size":3.0674233436584474,"orthographic":false}