{"cameraMode":{"drawMode":0,"name":"Shaded","section":"Shading Mode"},"sceneLighting":true,"audioPlay":false,"sceneViewState":{"m_AlwaysRefresh":false,"showFog":true,"showSkybox":true,"showFlares":true,"showImageEffects":true,"showParticleSystems":true,"showVisualEffectGraphs":true,"m_FxEnabled":true},"in2DMode":false,"pivot":{"x":-1.2891278266906739,"y":-0.9027036428451538,"z":2.674853801727295},"rotation":{"x":-0.2599964737892151,"y":-0.13789458572864533,"z":0.03754362836480141,"w":-0.9549896717071533},"size":7.2809576988220219,"orthographic":false}